{"cameraMode":{"drawMode":0,"name":"Shaded","section":"Shading Mode"},"sceneLighting":false,"audioPlay":false,"sceneViewState":{"showFog":true,"showMaterialUpdate":false,"showSkybox":false,"showFlares":true,"showImageEffects":true,"showParticleSystems":true},"in2DMode":false,"pivot":{"x":0.13239288330078126,"y":13.4235258102417,"z":-0.01035308837890625},"rotation":{"x":-0.044342994689941409,"y":-0.9535808563232422,"z":0.24036866426467896,"w":-0.1758986860513687},"size":268.0008850097656,"orthographic":false}